{"control_results": {"AT-4": {"Name": "Training Records", "Status": "Partially Implemented", "ProcedurePassCount": 1, "ProcedureFailCount": 1}}, "total_procedures": 2, "passed_procedures_count": 1, "failed_procedures_count": 1, "total_controls": 1, "implemented_controls_count": 0, "partially_implemented_controls_count": 1, "not_implemented_controls_count": 0, "analyzed_file_summaries": {"Security-Awareness-and-Training-Policy-Revised.pdf": "The document outlines the Information Technology (IT) security policy of Purdue Pharma, focusing on security awareness training for all users. The training program involves initial training for new recruits, biennial training, role-based training, and training in recognizing and reporting insider threats."}, "number_of_files": 1}